id,creationDate,lastUpdateDate,createdBy,lastUpdatedBy,firstName,lastName,companyName,address,city,county,state,zipCode,otherPhone,phone,email
1,2023-02-22T20:26:19.688,2023-02-22T20:26:19.688,chu.zhang@oracle.com,chu.zhang@oracle.com,James,Butt,"Benton, John B Jr",6649 N Blue Gum St,New Orleans,Orleans,LA,70116.0,504-621-8927,504-845-1427,jbutt@gmail.com
2,2023-02-22T20:26:19.705,2023-02-22T20:26:19.705,chu.zhang@oracle.com,chu.zhang@oracle.com,Josephine,Darakjy,"Chanay, Jeffrey A Esq",4 B Blue Ridge Blvd,Brighton,Livingston,MI,48116.0,810-292-9388,810-374-9840,josephine_darakjy@darakjy.org
3,2023-02-22T20:26:19.705,2023-02-22T20:26:19.705,chu.zhang@oracle.com,chu.zhang@oracle.com,Art,Venere,"Chemel, James L Cpa",8 W Cerritos Ave #54,Bridgeport,Gloucester,NJ,8014.0,856-636-8749,856-264-4130,art@venere.org
4,2023-02-22T20:26:19.705,2023-02-22T20:26:19.705,chu.zhang@oracle.com,chu.zhang@oracle.com,Lenna,Paprocki,Feltz Printing Service,639 Main St,Anchorage,Anchorage,AK,99501.0,907-385-4412,907-921-2010,lpaprocki@hotmail.com
5,2023-02-22T20:26:19.705,2023-02-22T20:26:19.705,chu.zhang@oracle.com,chu.zhang@oracle.com,Donette,Foller,Printing Dimensions,34 Center St,Hamilton,Butler,OH,45011.0,513-570-1893,513-549-4561,donette.foller@cox.net
6,2023-02-22T20:26:19.706,2023-02-22T20:26:19.706,chu.zhang@oracle.com,chu.zhang@oracle.com,Simona,Morasca,"Chapman, Ross E Esq",3 Mcauley Dr,Ashland,Ashland,OH,44805.0,419-503-2484,419-800-6759,simona@morasca.com
7,2023-02-22T20:26:19.706,2023-02-22T20:26:19.706,chu.zhang@oracle.com,chu.zhang@oracle.com,Mitsue,Tollner,Morlong Associates,7 Eads St,Chicago,Cook,IL,60632.0,773-573-6914,773-924-8565,mitsue_tollner@yahoo.com
8,2023-02-22T20:26:19.707,2023-02-22T20:26:19.707,chu.zhang@oracle.com,chu.zhang@oracle.com,Leota,Dilliard,Commercial Press,7 W Jackson Blvd,San Jose,Santa Clara,CA,95111.0,408-752-3500,408-813-1105,leota@hotmail.com
9,2023-02-22T20:26:19.707,2023-02-22T20:26:19.707,chu.zhang@oracle.com,chu.zhang@oracle.com,Sage,Wieser,Truhlar And Truhlar Attys,5 Boston Ave #88,Sioux Falls,Minnehaha,SD,57105.0,605-414-2147,605-794-4895,sage_wieser@cox.net
10,2023-02-22T20:26:19.708,2023-02-22T20:26:19.708,chu.zhang@oracle.com,chu.zhang@oracle.com,Kris,Marrier,"King, Christopher A Esq",228 Runamuck Pl #2808,Baltimore,Baltimore City,MD,21224.0,410-655-8723,410-804-4694,kris@gmail.com
11,2023-02-22T20:26:19.708,2023-02-22T20:26:19.708,chu.zhang@oracle.com,chu.zhang@oracle.com,Minna,Amigon,"Dorl, James J Esq",2371 Jerrold Ave,Kulpsville,Montgomery,PA,19443.0,215-874-1229,215-422-8694,minna_amigon@yahoo.com
12,2023-02-22T20:26:19.708,2023-02-22T20:26:19.708,chu.zhang@oracle.com,chu.zhang@oracle.com,Abel,Maclead,Rangoni Of Florence,37275 St  Rt 17m M,Middle Island,Suffolk,NY,11953.0,631-335-3414,631-677-3675,amaclead@gmail.com
13,2023-02-22T20:26:19.709,2023-02-22T20:26:19.709,chu.zhang@oracle.com,chu.zhang@oracle.com,Kiley,Caldarera,Feiner Bros,25 E 75th St #69,Los Angeles,Los Angeles,CA,90034.0,310-498-5651,310-254-3084,kiley.caldarera@aol.com
14,2023-02-22T20:26:19.709,2023-02-22T20:26:19.709,chu.zhang@oracle.com,chu.zhang@oracle.com,Graciela,Ruta,Buckley Miller & Wright,98 Connecticut Ave Nw,Chagrin Falls,Geauga,OH,44023.0,440-780-8425,440-579-7763,gruta@cox.net
15,2023-02-22T20:26:19.709,2023-02-22T20:26:19.709,chu.zhang@oracle.com,chu.zhang@oracle.com,Cammy,Albares,"Rousseaux, Michael Esq",56 E Morehead St,Laredo,Webb,TX,78045.0,956-537-6195,956-841-7216,calbares@gmail.com
16,2023-02-22T20:26:19.71,2023-02-22T20:26:19.71,chu.zhang@oracle.com,chu.zhang@oracle.com,Mattie,Poquette,Century Communications,73 State Road 434 E,Phoenix,Maricopa,AZ,85013.0,602-277-4385,602-953-6360,mattie@aol.com
17,2023-02-22T20:26:19.71,2023-02-22T20:26:19.71,chu.zhang@oracle.com,chu.zhang@oracle.com,Meaghan,Garufi,"Bolton, Wilbur Esq",69734 E Carrillo St,Mc Minnville,Warren,TN,37110.0,931-313-9635,931-235-7959,meaghan@hotmail.com
18,2023-02-22T20:26:19.711,2023-02-22T20:26:19.711,chu.zhang@oracle.com,chu.zhang@oracle.com,Gladys,Rim,T M Byxbee Company Pc,322 New Horizon Blvd,Milwaukee,Milwaukee,WI,53207.0,414-661-9598,414-377-2880,gladys.rim@rim.org
19,2023-02-22T20:26:19.711,2023-02-22T20:26:19.711,chu.zhang@oracle.com,chu.zhang@oracle.com,Yuki,Whobrey,Farmers Insurance Group,1 State Route 27,Taylor,Wayne,MI,48180.0,313-288-7937,313-341-4470,yuki_whobrey@aol.com
20,2023-02-22T20:26:19.711,2023-02-22T20:26:19.711,chu.zhang@oracle.com,chu.zhang@oracle.com,Fletcher,Flosi,Post Box Services Plus,394 Manchester Blvd,Rockford,Winnebago,IL,61109.0,815-828-2147,815-426-5657,fletcher.flosi@yahoo.com
21,2023-02-22T20:26:19.712,2023-02-22T20:26:19.712,chu.zhang@oracle.com,chu.zhang@oracle.com,Bette,Nicka,Sport En Art,6 S 33rd St,Aston,Delaware,PA,19014.0,610-545-3615,610-492-4643,bette_nicka@cox.net
22,2023-02-22T20:26:19.712,2023-02-22T20:26:19.712,chu.zhang@oracle.com,chu.zhang@oracle.com,Veronika,Inouye,C 4 Network Inc,6 Greenleaf Ave,San Jose,Santa Clara,CA,95111.0,408-540-1785,408-813-4592,vinouye@aol.com
23,2023-02-22T20:26:19.712,2023-02-22T20:26:19.712,chu.zhang@oracle.com,chu.zhang@oracle.com,Willard,Kolmetz,"Ingalls, Donald R Esq",618 W Yakima Ave,Irving,Dallas,TX,75062.0,972-303-9197,972-896-4882,willard@hotmail.com
24,2023-02-22T20:26:19.713,2023-02-22T20:26:19.713,chu.zhang@oracle.com,chu.zhang@oracle.com,Maryann,Royster,"Franklin, Peter L Esq",74 S Westgate St,Albany,Albany,NY,12204.0,518-966-7987,518-448-8982,mroyster@royster.com
25,2023-02-22T20:26:19.713,2023-02-22T20:26:19.713,chu.zhang@oracle.com,chu.zhang@oracle.com,Alisha,Slusarski,Wtlz Power 107 Fm,3273 State St,Middlesex,Middlesex,NJ,8846.0,732-658-3154,732-635-3453,alisha@slusarski.com
26,2023-02-22T20:26:19.713,2023-02-22T20:26:19.713,chu.zhang@oracle.com,chu.zhang@oracle.com,Allene,Iturbide,"Ledecky, David Esq",1 Central Ave,Stevens Point,Portage,WI,54481.0,715-662-6764,715-530-9863,allene_iturbide@cox.net
27,2023-02-22T20:26:19.714,2023-02-22T20:26:19.714,chu.zhang@oracle.com,chu.zhang@oracle.com,Chanel,Caudy,Professional Image Inc,86 Nw 66th St #8673,Shawnee,Johnson,KS,66218.0,913-388-2079,913-899-1103,chanel.caudy@caudy.org
28,2023-02-22T20:26:19.714,2023-02-22T20:26:19.714,chu.zhang@oracle.com,chu.zhang@oracle.com,Ezekiel,Chui,"Sider, Donald C Esq",2 Cedar Ave #84,Easton,Talbot,MD,21601.0,410-669-1642,410-235-8738,ezekiel@chui.com
29,2023-02-22T20:26:19.715,2023-02-22T20:26:19.715,chu.zhang@oracle.com,chu.zhang@oracle.com,Willow,Kusko,U Pull It,90991 Thorburn Ave,New York,New York,NY,10011.0,212-582-4976,212-934-5167,wkusko@yahoo.com
30,2023-02-22T20:26:19.715,2023-02-22T20:26:19.715,chu.zhang@oracle.com,chu.zhang@oracle.com,Bernardo,Figeroa,"Clark, Richard Cpa",386 9th Ave N,Conroe,Montgomery,TX,77301.0,936-336-3951,936-597-3614,bfigeroa@aol.com
31,2023-02-22T20:26:19.716,2023-02-22T20:26:19.716,chu.zhang@oracle.com,chu.zhang@oracle.com,Ammie,Corrio,"Moskowitz, Barry S",74874 Atlantic Ave,Columbus,Franklin,OH,43215.0,614-801-9788,614-648-3265,ammie@corrio.com
32,2023-02-22T20:26:19.716,2023-02-22T20:26:19.716,chu.zhang@oracle.com,chu.zhang@oracle.com,Francine,Vocelka,Cascade Realty Advisors Inc,366 South Dr,Las Cruces,Dona Ana,NM,88011.0,505-977-3911,505-335-5293,francine_vocelka@vocelka.com
33,2023-02-22T20:26:19.716,2023-02-22T20:26:19.716,chu.zhang@oracle.com,chu.zhang@oracle.com,Ernie,Stenseth,Knwz Newsradio,45 E Liberty St,Ridgefield Park,Bergen,NJ,7660.0,201-709-6245,201-387-9093,ernie_stenseth@aol.com
34,2023-02-22T20:26:19.717,2023-02-22T20:26:19.717,chu.zhang@oracle.com,chu.zhang@oracle.com,Albina,Glick,"Giampetro, Anthony D",4 Ralph Ct,Dunellen,Middlesex,NJ,8812.0,732-924-7882,732-782-6701,albina@glick.com
35,2023-02-22T20:26:19.717,2023-02-22T20:26:19.717,chu.zhang@oracle.com,chu.zhang@oracle.com,Alishia,Sergi,Milford Enterprises Inc,2742 Distribution Way,New York,New York,NY,10025.0,212-860-1579,212-753-2740,asergi@gmail.com
36,2023-02-22T20:26:19.718,2023-02-22T20:26:19.718,chu.zhang@oracle.com,chu.zhang@oracle.com,Solange,Shinko,"Mosocco, Ronald A",426 Wolf St,Metairie,Jefferson,LA,70002.0,504-979-9175,504-265-8174,solange@shinko.com
37,2023-02-22T20:26:19.718,2023-02-22T20:26:19.718,chu.zhang@oracle.com,chu.zhang@oracle.com,Jose,Stockham,Tri State Refueler Co,128 Bransten Rd,New York,New York,NY,10011.0,212-675-8570,212-569-4233,jose@yahoo.com
38,2023-02-22T20:26:19.718,2023-02-22T20:26:19.718,chu.zhang@oracle.com,chu.zhang@oracle.com,Rozella,Ostrosky,Parkway Company,17 Morena Blvd,Camarillo,Ventura,CA,93012.0,805-832-6163,805-609-1531,rozella.ostrosky@ostrosky.com
39,2023-02-22T20:26:19.719,2023-02-22T20:26:19.719,chu.zhang@oracle.com,chu.zhang@oracle.com,Valentine,Gillian,Fbs Business Finance,775 W 17th St,San Antonio,Bexar,TX,78204.0,210-812-9597,210-300-6244,valentine_gillian@gmail.com
40,2023-02-22T20:26:19.719,2023-02-22T20:26:19.719,chu.zhang@oracle.com,chu.zhang@oracle.com,Kati,Rulapaugh,Eder Assocs Consltng Engrs Pc,6980 Dorsett Rd,Abilene,Dickinson,KS,67410.0,785-463-7829,785-219-7724,kati.rulapaugh@hotmail.com
41,2023-02-22T20:26:19.719,2023-02-22T20:26:19.719,chu.zhang@oracle.com,chu.zhang@oracle.com,Youlanda,Schemmer,Tri M Tool Inc,2881 Lewis Rd,Prineville,Crook,OR,97754.0,541-548-8197,541-993-2611,youlanda@aol.com
42,2023-02-22T20:26:19.72,2023-02-22T20:26:19.72,chu.zhang@oracle.com,chu.zhang@oracle.com,Dyan,Oldroyd,International Eyelets Inc,7219 Woodfield Rd,Overland Park,Johnson,KS,66204.0,913-413-4604,913-645-8918,doldroyd@aol.com
43,2023-02-22T20:26:19.72,2023-02-22T20:26:19.72,chu.zhang@oracle.com,chu.zhang@oracle.com,Roxane,Campain,Rapid Trading Intl,1048 Main St,Fairbanks,Fairbanks North Star,AK,99708.0,907-231-4722,907-335-6568,roxane@hotmail.com
44,2023-02-22T20:26:19.72,2023-02-22T20:26:19.72,chu.zhang@oracle.com,chu.zhang@oracle.com,Lavera,Perin,Abc Enterprises Inc,678 3rd Ave,Miami,Miami-Dade,FL,33196.0,305-606-7291,305-995-2078,lperin@perin.org
45,2023-02-22T20:26:19.721,2023-02-22T20:26:19.721,chu.zhang@oracle.com,chu.zhang@oracle.com,Erick,Ferencz,Cindy Turner Associates,20 S Babcock St,Fairbanks,Fairbanks North Star,AK,99712.0,907-741-1044,907-227-6777,erick.ferencz@aol.com
46,2023-02-22T20:26:19.721,2023-02-22T20:26:19.721,chu.zhang@oracle.com,chu.zhang@oracle.com,Fatima,Saylors,"Stanton, James D Esq",2 Lighthouse Ave,Hopkins,Hennepin,MN,55343.0,952-768-2416,952-479-2375,fsaylors@saylors.org
47,2023-02-22T20:26:19.721,2023-02-22T20:26:19.721,chu.zhang@oracle.com,chu.zhang@oracle.com,Jina,Briddick,Grace Pastries Inc,38938 Park Blvd,Boston,Suffolk,MA,2128.0,617-399-5124,617-997-5771,jina_briddick@briddick.com
48,2023-02-22T20:26:19.721,2023-02-22T20:26:19.721,chu.zhang@oracle.com,chu.zhang@oracle.com,Kanisha,Waycott,"Schroer, Gene E Esq",5 Tomahawk Dr,Los Angeles,Los Angeles,CA,90006.0,323-453-2780,323-315-7314,kanisha_waycott@yahoo.com
49,2023-02-22T20:26:19.722,2023-02-22T20:26:19.722,chu.zhang@oracle.com,chu.zhang@oracle.com,Emerson,Bowley,Knights Inn,762 S Main St,Madison,Dane,WI,53711.0,608-336-7444,608-658-7940,emerson.bowley@bowley.org
50,2023-02-22T20:26:19.722,2023-02-22T20:26:19.722,chu.zhang@oracle.com,chu.zhang@oracle.com,Blair,Malet,Bollinger Mach Shp & Shipyard,209 Decker Dr,Philadelphia,Philadelphia,PA,19132.0,215-907-9111,215-794-4519,bmalet@yahoo.com
51,2023-02-22T20:26:19.745,2023-02-22T20:26:19.745,chu.zhang@oracle.com,chu.zhang@oracle.com,Brock,Bolognia,Orinda News,4486 W O St #1,New York,New York,NY,10003.0,212-402-9216,212-617-5063,bbolognia@yahoo.com
52,2023-02-22T20:26:19.745,2023-02-22T20:26:19.745,chu.zhang@oracle.com,chu.zhang@oracle.com,Lorrie,Nestle,Ballard Spahr Andrews,39 S 7th St,Tullahoma,Coffee,TN,37388.0,931-875-6644,931-303-6041,lnestle@hotmail.com
53,2023-02-22T20:26:19.745,2023-02-22T20:26:19.745,chu.zhang@oracle.com,chu.zhang@oracle.com,Sabra,Uyetake,Lowy Limousine Service,98839 Hawthorne Blvd #6101,Columbia,Richland,SC,29201.0,803-925-5213,803-681-3678,sabra@uyetake.org
54,2023-02-22T20:26:19.746,2023-02-22T20:26:19.746,chu.zhang@oracle.com,chu.zhang@oracle.com,Marjory,Mastella,Vicon Corporation,71 San Mateo Ave,Wayne,Delaware,PA,19087.0,610-814-5533,610-379-7125,mmastella@mastella.com
55,2023-02-22T20:26:19.746,2023-02-22T20:26:19.746,chu.zhang@oracle.com,chu.zhang@oracle.com,Karl,Klonowski,"Rossi, Michael M",76 Brooks St #9,Flemington,Hunterdon,NJ,8822.0,908-877-6135,908-470-4661,karl_klonowski@yahoo.com
56,2023-02-22T20:26:19.746,2023-02-22T20:26:19.746,chu.zhang@oracle.com,chu.zhang@oracle.com,Tonette,Wenner,Northwest Publishing,4545 Courthouse Rd,Westbury,Nassau,NY,11590.0,516-968-6051,516-333-4861,twenner@aol.com
57,2023-02-22T20:26:19.746,2023-02-22T20:26:19.746,chu.zhang@oracle.com,chu.zhang@oracle.com,Amber,Monarrez,Branford Wire & Mfg Co,14288 Foster Ave #4121,Jenkintown,Montgomery,PA,19046.0,215-934-8655,215-329-6386,amber_monarrez@monarrez.org
58,2023-02-22T20:26:19.747,2023-02-22T20:26:19.747,chu.zhang@oracle.com,chu.zhang@oracle.com,Shenika,Seewald,East Coast Marketing,4 Otis St,Van Nuys,Los Angeles,CA,91405.0,818-423-4007,818-749-8650,shenika@gmail.com
59,2023-02-22T20:26:19.747,2023-02-22T20:26:19.747,chu.zhang@oracle.com,chu.zhang@oracle.com,Delmy,Ahle,Wye Technologies Inc,65895 S 16th St,Providence,Providence,RI,2909.0,401-458-2547,401-559-8961,delmy.ahle@hotmail.com
60,2023-02-22T20:26:19.747,2023-02-22T20:26:19.747,chu.zhang@oracle.com,chu.zhang@oracle.com,Deeanna,Juhas,"Healy, George W Iv",14302 Pennsylvania Ave,Huntingdon Valley,Montgomery,PA,19006.0,215-211-9589,215-417-9563,deeanna_juhas@gmail.com
61,2023-02-22T20:26:19.747,2023-02-22T20:26:19.747,chu.zhang@oracle.com,chu.zhang@oracle.com,Blondell,Pugh,Alpenlite Inc,201 Hawk Ct,Providence,Providence,RI,2904.0,401-960-8259,401-300-8122,bpugh@aol.com
62,2023-02-22T20:26:19.747,2023-02-22T20:26:19.747,chu.zhang@oracle.com,chu.zhang@oracle.com,Jamal,Vanausdal,"Hubbard, Bruce Esq",53075 Sw 152nd Ter #615,Monroe Township,Middlesex,NJ,8831.0,732-234-1546,732-904-2931,jamal@vanausdal.org
63,2023-02-22T20:26:19.748,2023-02-22T20:26:19.748,chu.zhang@oracle.com,chu.zhang@oracle.com,Cecily,Hollack,Arthur A Oliver & Son Inc,59 N Groesbeck Hwy,Austin,Travis,TX,78731.0,512-486-3817,512-861-3814,cecily@hollack.org
64,2023-02-22T20:26:19.748,2023-02-22T20:26:19.748,chu.zhang@oracle.com,chu.zhang@oracle.com,Carmelina,Lindall,George Jessop Carter Jewelers,2664 Lewis Rd,Littleton,Douglas,CO,80126.0,303-724-7371,303-874-5160,carmelina_lindall@lindall.com
65,2023-02-22T20:26:19.748,2023-02-22T20:26:19.748,chu.zhang@oracle.com,chu.zhang@oracle.com,Maurine,Yglesias,"Schultz, Thomas C Md",59 Shady Ln #53,Milwaukee,Milwaukee,WI,53214.0,414-748-1374,414-573-7719,maurine_yglesias@yglesias.com
66,2023-02-22T20:26:19.748,2023-02-22T20:26:19.748,chu.zhang@oracle.com,chu.zhang@oracle.com,Tawna,Buvens,H H H Enterprises Inc,3305 Nabell Ave #679,New York,New York,NY,10009.0,212-674-9610,212-462-9157,tawna@gmail.com
67,2023-02-22T20:26:19.748,2023-02-22T20:26:19.748,chu.zhang@oracle.com,chu.zhang@oracle.com,Penney,Weight,Hawaiian King Hotel,18 Fountain St,Anchorage,Anchorage,AK,99515.0,907-797-9628,907-873-2882,penney_weight@aol.com
68,2023-02-22T20:26:19.749,2023-02-22T20:26:19.749,chu.zhang@oracle.com,chu.zhang@oracle.com,Elly,Morocco,Killion Industries,7 W 32nd St,Erie,Erie,PA,16502.0,814-393-5571,814-420-3553,elly_morocco@gmail.com
69,2023-02-22T20:26:19.749,2023-02-22T20:26:19.749,chu.zhang@oracle.com,chu.zhang@oracle.com,Ilene,Eroman,"Robinson, William J Esq",2853 S Central Expy,Glen Burnie,Anne Arundel,MD,21061.0,410-914-9018,410-937-4543,ilene.eroman@hotmail.com
70,2023-02-22T20:26:19.749,2023-02-22T20:26:19.749,chu.zhang@oracle.com,chu.zhang@oracle.com,Vallie,Mondella,Private Properties,74 W College St,Boise,Ada,ID,83707.0,208-862-5339,208-737-8439,vmondella@mondella.com
71,2023-02-22T20:26:19.749,2023-02-22T20:26:19.749,chu.zhang@oracle.com,chu.zhang@oracle.com,Kallie,Blackwood,Rowley Schlimgen Inc,701 S Harrison Rd,San Francisco,San Francisco,CA,94104.0,415-315-2761,415-604-7609,kallie.blackwood@gmail.com
72,2023-02-22T20:26:19.75,2023-02-22T20:26:19.75,chu.zhang@oracle.com,chu.zhang@oracle.com,Johnetta,Abdallah,Forging Specialties,1088 Pinehurst St,Chapel Hill,Orange,NC,27514.0,919-225-9345,919-715-3791,johnetta_abdallah@aol.com
73,2023-02-22T20:26:19.75,2023-02-22T20:26:19.75,chu.zhang@oracle.com,chu.zhang@oracle.com,Bobbye,Rhym,"Smits, Patricia Garity",30 W 80th St #1995,San Carlos,San Mateo,CA,94070.0,650-528-5783,650-811-9032,brhym@rhym.com
74,2023-02-22T20:26:19.75,2023-02-22T20:26:19.75,chu.zhang@oracle.com,chu.zhang@oracle.com,Micaela,Rhymes,H Lee Leonard Attorney At Law,20932 Hedley St,Concord,Contra Costa,CA,94520.0,925-647-3298,925-522-7798,micaela_rhymes@gmail.com
75,2023-02-22T20:26:19.75,2023-02-22T20:26:19.75,chu.zhang@oracle.com,chu.zhang@oracle.com,Tamar,Hoogland,A K Construction Co,2737 Pistorio Rd #9230,London,Madison,OH,43140.0,740-343-8575,740-526-5410,tamar@hotmail.com
76,2023-02-22T20:26:19.75,2023-02-22T20:26:19.75,chu.zhang@oracle.com,chu.zhang@oracle.com,Moon,Parlato,"Ambelang, Jessica M Md",74989 Brandon St,Wellsville,Allegany,NY,14895.0,585-866-8313,585-498-4278,moon@yahoo.com
77,2023-02-22T20:26:19.751,2023-02-22T20:26:19.751,chu.zhang@oracle.com,chu.zhang@oracle.com,Laurel,Reitler,Q A Service,6 Kains Ave,Baltimore,Baltimore City,MD,21215.0,410-520-4832,410-957-6903,laurel_reitler@reitler.com
78,2023-02-22T20:26:19.751,2023-02-22T20:26:19.751,chu.zhang@oracle.com,chu.zhang@oracle.com,Delisa,Crupi,Wood & Whitacre Contractors,47565 W Grand Ave,Newark,Essex,NJ,7105.0,973-354-2040,973-847-9611,delisa.crupi@crupi.com
79,2023-02-22T20:26:19.751,2023-02-22T20:26:19.751,chu.zhang@oracle.com,chu.zhang@oracle.com,Viva,Toelkes,Mark Iv Press Ltd,4284 Dorigo Ln,Chicago,Cook,IL,60647.0,773-446-5569,773-352-3437,viva.toelkes@gmail.com
80,2023-02-22T20:26:19.751,2023-02-22T20:26:19.751,chu.zhang@oracle.com,chu.zhang@oracle.com,Elza,Lipke,Museum Of Science & Industry,6794 Lake Dr E,Newark,Essex,NJ,7104.0,973-927-3447,973-796-3667,elza@yahoo.com
81,2023-02-22T20:26:19.751,2023-02-22T20:26:19.751,chu.zhang@oracle.com,chu.zhang@oracle.com,Devorah,Chickering,Garrison Ind,31 Douglas Blvd #950,Clovis,Curry,NM,88101.0,505-975-8559,505-950-1763,devorah@hotmail.com
82,2023-02-22T20:26:19.752,2023-02-22T20:26:19.752,chu.zhang@oracle.com,chu.zhang@oracle.com,Timothy,Mulqueen,Saronix Nymph Products,44 W 4th St,Staten Island,Richmond,NY,10309.0,718-332-6527,718-654-7063,timothy_mulqueen@mulqueen.org
83,2023-02-22T20:26:19.752,2023-02-22T20:26:19.752,chu.zhang@oracle.com,chu.zhang@oracle.com,Arlette,Honeywell,Smc Inc,11279 Loytan St,Jacksonville,Duval,FL,32254.0,904-775-4480,904-514-9918,ahoneywell@honeywell.com
84,2023-02-22T20:26:19.752,2023-02-22T20:26:19.752,chu.zhang@oracle.com,chu.zhang@oracle.com,Dominque,Dickerson,E A I Electronic Assocs Inc,69 Marquette Ave,Hayward,Alameda,CA,94545.0,510-993-3758,510-901-7640,dominque.dickerson@dickerson.org
85,2023-02-22T20:26:19.752,2023-02-22T20:26:19.752,chu.zhang@oracle.com,chu.zhang@oracle.com,Lettie,Isenhower,"Conte, Christopher A Esq",70 W Main St,Beachwood,Cuyahoga,OH,44122.0,216-657-7668,216-733-8494,lettie_isenhower@yahoo.com
86,2023-02-22T20:26:19.753,2023-02-22T20:26:19.753,chu.zhang@oracle.com,chu.zhang@oracle.com,Myra,Munns,Anker Law Office,461 Prospect Pl #316,Euless,Tarrant,TX,76040.0,817-914-7518,817-451-3518,mmunns@cox.net
87,2023-02-22T20:26:19.753,2023-02-22T20:26:19.753,chu.zhang@oracle.com,chu.zhang@oracle.com,Stephaine,Barfield,Beutelschies & Company,47154 Whipple Ave Nw,Gardena,Los Angeles,CA,90247.0,310-774-7643,310-968-1219,stephaine@barfield.com
88,2023-02-22T20:26:19.753,2023-02-22T20:26:19.753,chu.zhang@oracle.com,chu.zhang@oracle.com,Lai,Gato,"Fligg, Kenneth I Jr",37 Alabama Ave,Evanston,Cook,IL,60201.0,847-728-7286,847-957-4614,lai.gato@gato.org
89,2023-02-22T20:26:19.753,2023-02-22T20:26:19.753,chu.zhang@oracle.com,chu.zhang@oracle.com,Stephen,Emigh,"Sharp, J Daniel Esq",3777 E Richmond St #900,Akron,Summit,OH,44302.0,330-537-5358,330-700-2312,stephen_emigh@hotmail.com
90,2023-02-22T20:26:19.753,2023-02-22T20:26:19.753,chu.zhang@oracle.com,chu.zhang@oracle.com,Tyra,Shields,"Assink, Anne H Esq",3 Fort Worth Ave,Philadelphia,Philadelphia,PA,19106.0,215-255-1641,215-228-8264,tshields@gmail.com
91,2023-02-22T20:26:19.754,2023-02-22T20:26:19.754,chu.zhang@oracle.com,chu.zhang@oracle.com,Tammara,Wardrip,Jewel My Shop Inc,4800 Black Horse Pike,Burlingame,San Mateo,CA,94010.0,650-803-1936,650-216-5075,twardrip@cox.net
92,2023-02-22T20:26:19.754,2023-02-22T20:26:19.754,chu.zhang@oracle.com,chu.zhang@oracle.com,Cory,Gibes,Chinese Translation Resources,83649 W Belmont Ave,San Gabriel,Los Angeles,CA,91776.0,626-572-1096,626-696-2777,cory.gibes@gmail.com
93,2023-02-22T20:26:19.754,2023-02-22T20:26:19.754,chu.zhang@oracle.com,chu.zhang@oracle.com,Danica,Bruschke,"Stevens, Charles T",840 15th Ave,Waco,McLennan,TX,76708.0,254-782-8569,254-205-1422,danica_bruschke@gmail.com
94,2023-02-22T20:26:19.754,2023-02-22T20:26:19.754,chu.zhang@oracle.com,chu.zhang@oracle.com,Wilda,Giguere,"Mclaughlin, Luther W Cpa",1747 Calle Amanecer #2,Anchorage,Anchorage,AK,99501.0,907-870-5536,907-914-9482,wilda@cox.net
95,2023-02-22T20:26:19.754,2023-02-22T20:26:19.754,chu.zhang@oracle.com,chu.zhang@oracle.com,Elvera,Benimadho,Tree Musketeers,99385 Charity St #840,San Jose,Santa Clara,CA,95110.0,408-703-8505,408-440-8447,elvera.benimadho@cox.net
96,2023-02-22T20:26:19.755,2023-02-22T20:26:19.755,chu.zhang@oracle.com,chu.zhang@oracle.com,Carma,Vanheusen,Springfield Div Oh Edison Co,68556 Central Hwy,San Leandro,Alameda,CA,94577.0,510-503-7169,510-452-4835,carma@cox.net
97,2023-02-22T20:26:19.755,2023-02-22T20:26:19.755,chu.zhang@oracle.com,chu.zhang@oracle.com,Malinda,Hochard,Logan Memorial Hospital,55 Riverside Ave,Indianapolis,Marion,IN,46202.0,317-722-5066,317-472-2412,malinda.hochard@yahoo.com
98,2023-02-22T20:26:19.755,2023-02-22T20:26:19.755,chu.zhang@oracle.com,chu.zhang@oracle.com,Natalie,Fern,"Kelly, Charles G Esq",7140 University Ave,Rock Springs,Sweetwater,WY,82901.0,307-704-8713,307-279-3793,natalie.fern@hotmail.com
99,2023-02-22T20:26:19.755,2023-02-22T20:26:19.755,chu.zhang@oracle.com,chu.zhang@oracle.com,Lisha,Centini,Industrial Paper Shredders Inc,64 5th Ave #1153,Mc Lean,Fairfax,VA,22102.0,703-235-3937,703-475-7568,lisha@centini.org
